image_id,p_orig,p_lesion_masked,p_background_masked,delta_lesion,delta_background,malignant,dark_corner,hair,gel_border,gel_bubble,ruler,ink,patches
ISIC_0016065,0.011402793228626251,0.001216864911839366,0.048371221870183945,0.010185928316786885,-0.036968428641557693,0,1,0,0,0,1,0,0
ISIC_0000361,0.21799519658088684,0.1405937373638153,0.26057708263397217,0.07740145921707153,-0.04258188605308533,0,1,1,0,0,0,0,0
ISIC_0016041,0.017315367236733437,0.015004195272922516,0.039995886385440826,0.0023111719638109207,-0.02268051914870739,0,0,1,1,1,1,1,0
ISIC_0000300,0.9704322814941406,0.24278926849365234,0.9766492247581482,0.7276430130004883,-0.006216943264007568,1,1,1,0,1,0,0,0
ISIC_0009083,0.0007802455220371485,0.0013359483564272523,0.025359399616718292,-0.0005557028343901038,-0.024579154094681144,0,1,1,0,0,0,0,1
ISIC_0000368,0.746948778629303,0.23904742300510406,0.5673959255218506,0.5079013556241989,0.1795528531074524,0,1,1,0,1,0,0,0
ISIC_0014949,0.01578090898692608,0.03222031146287918,0.03093545325100422,-0.016439402475953102,-0.01515454426407814,0,1,0,0,1,0,0,0
ISIC_0000377,0.07407359778881073,0.16167108714580536,0.21805229783058167,-0.08759748935699463,-0.14397870004177094,0,0,1,0,0,0,0,0
ISIC_0014807,0.06979454308748245,0.2098453938961029,0.0390012152493,-0.14005085080862045,0.03079332783818245,0,0,1,0,1,0,0,0
ISIC_0000509,0.11411914229393005,0.07906288653612137,0.05617494508624077,0.035056255757808685,0.057944197207689285,0,0,1,0,0,0,0,0
ISIC_0012379,0.11931534856557846,0.9398893117904663,0.3119680881500244,-0.8205739632248878,-0.19265273958444595,0,0,1,1,1,1,0,0
ISIC_0008406,0.000658372649922967,0.000666776963043958,0.010740729048848152,-8.404313120990992e-06,-0.010082356398925185,0,1,1,1,0,0,0,1
ISIC_0015369,0.0039816307835280895,0.027254922315478325,0.03794549033045769,-0.023273291531950235,-0.0339638595469296,0,0,1,0,1,0,0,0
ISIC_0000487,0.9774383902549744,0.07255370169878006,0.7187026143074036,0.9048846885561943,0.2587357759475708,1,0,0,1,0,1,0,0
ISIC_0014092,0.22969546914100647,0.10547398775815964,0.12000125646591187,0.12422148138284683,0.1096942126750946,1,1,1,0,0,1,0,0
ISIC_0014066,0.05009397119283676,0.03898449242115021,0.209456205368042,0.011109478771686554,-0.15936223417520523,0,1,0,0,1,1,0,0
ISIC_0014677,0.08118584752082825,0.04701985418796539,0.05240807309746742,0.034165993332862854,0.028777774423360825,0,1,1,0,1,0,0,0
ISIC_0010175,0.7873983383178711,0.06474921852350235,0.6485506296157837,0.7226491197943687,0.1388477087020874,1,0,1,0,0,0,0,0
ISIC_0013696,0.26981469988822937,0.12301907688379288,0.3714706301689148,0.1467956230044365,-0.10165593028068542,1,1,1,0,1,1,1,0
ISIC_0009877,0.3017183244228363,0.09949157387018204,0.10604817420244217,0.20222675055265427,0.19567015022039413,0,0,0,0,1,0,0,0
ISIC_0009976,0.5565114617347717,0.03985949233174324,0.6671211123466492,0.5166519694030285,-0.11060965061187744,0,0,0,0,0,1,0,0
ISIC_0016006,0.032953981310129166,0.02235524356365204,0.08993762731552124,0.010598737746477127,-0.056983646005392075,0,0,1,1,0,1,1,0
ISIC_0011358,0.36388179659843445,0.1988731026649475,0.4672587215900421,0.16500869393348694,-0.10337692499160767,0,0,1,0,0,1,0,0
ISIC_0012095,0.14157456159591675,0.04915359243750572,0.1190648302435875,0.09242096915841103,0.022509731352329254,0,0,1,1,0,1,1,0
ISIC_0012342,0.003705930430442095,0.018998516723513603,0.021062295883893967,-0.015292586293071508,-0.017356365453451872,0,1,1,1,0,1,1,0
ISIC_0015974,0.0023671339731663465,0.06133710592985153,0.004891341086477041,-0.058969971956685185,-0.0025242071133106947,0,0,1,0,1,0,0,0
ISIC_0012844,0.6822804808616638,0.506013035774231,0.5603107810020447,0.17626744508743286,0.12196969985961914,0,1,1,0,1,1,1,0
ISIC_0014911,0.054266057908535004,0.6315023303031921,0.07126735895872116,-0.5772362723946571,-0.017001301050186157,0,0,1,0,1,0,0,0
ISIC_0010365,0.0222204327583313,0.026100248098373413,0.08698555827140808,-0.0038798153400421143,-0.06476512551307678,0,0,1,0,0,0,0,0
ISIC_0011367,0.029986774548888206,0.008792990818619728,0.013311718590557575,0.02119378373026848,0.01667505595833063,0,0,0,0,0,0,0,0
ISIC_0000419,0.2565763294696808,0.2529141306877136,0.24935388565063477,0.003662198781967163,0.0072224438190460205,0,0,1,0,0,0,0,0
ISIC_0000096,0.005278335884213448,0.05103478580713272,0.01044731866568327,-0.04575644992291927,-0.005168982781469822,0,0,0,0,1,0,0,0
ISIC_0009998,0.13936342298984528,0.027165282517671585,0.3080272972583771,0.11219814047217369,-0.1686638742685318,0,0,1,0,0,0,0,0
ISIC_0015273,0.09289492666721344,0.1184581071138382,0.36615076661109924,-0.025563180446624756,-0.2732558399438858,0,0,1,0,1,0,0,0
ISIC_0014962,0.19158734381198883,0.4256059527397156,0.26199132204055786,-0.23401860892772675,-0.07040397822856903,0,0,1,0,1,0,0,0
ISIC_0000358,0.02524847351014614,0.0037706615403294563,0.05575001239776611,0.021477811969816685,-0.030501538887619972,0,1,1,0,0,0,0,0
ISIC_0015311,0.09220695495605469,0.8792042136192322,0.13172756135463715,-0.7869972586631775,-0.03952060639858246,0,0,1,0,1,0,0,0
ISIC_0010455,0.4146777093410492,0.07082412391901016,0.29936644434928894,0.34385358542203903,0.11531126499176025,0,0,0,0,1,0,1,0
ISIC_0000491,0.1582876592874527,0.6648697257041931,0.26280346512794495,-0.5065820664167404,-0.10451580584049225,0,0,1,0,0,0,0,0
ISIC_0012873,0.018968934193253517,0.012810686603188515,0.02218778058886528,0.0061582475900650024,-0.003218846395611763,0,1,1,0,0,1,0,0
ISIC_0015142,0.6531053781509399,0.9482839703559875,0.5404505133628845,-0.2951785922050476,0.11265486478805542,1,1,0,0,1,0,0,0
ISIC_0012693,0.009457649663090706,0.008496133610606194,0.01856081746518612,0.0009615160524845123,-0.009103167802095413,0,0,0,1,1,1,1,0
ISIC_0014480,0.9403654336929321,0.6359227299690247,0.9351568818092346,0.30444270372390747,0.00520855188369751,1,1,0,0,0,1,0,0
ISIC_0012238,0.046419907361269,0.2366046905517578,0.013820330612361431,-0.19018478319048882,0.032599576748907566,0,1,0,1,0,1,1,0
ISIC_0014189,0.8756921291351318,0.9649342894554138,0.941526472568512,-0.08924216032028198,-0.06583434343338013,1,1,1,0,1,1,0,0
ISIC_0015607,0.025858473032712936,0.18375518918037415,0.13303466141223907,-0.1578967161476612,-0.10717618837952614,0,0,0,0,1,0,0,0
ISIC_0005000,0.0002957032702397555,0.00014838261995464563,0.0014965912560001016,0.00014732065028510988,-0.001200887985760346,0,0,1,1,0,0,0,1
ISIC_0013678,0.6731724143028259,0.032435860484838486,0.6120483875274658,0.6407365538179874,0.06112402677536011,1,0,0,1,1,1,1,0
ISIC_0012511,0.0472579151391983,0.24269986152648926,0.09130892902612686,-0.19544194638729095,-0.04405101388692856,0,1,1,0,0,1,0,0
ISIC_0015950,0.03125029802322388,0.03749264404177666,0.016383878886699677,-0.00624234601855278,0.0148664191365242,0,0,0,1,1,1,1,0
ISIC_0000393,0.7281609773635864,0.5747135281562805,0.8419890999794006,0.1534474492073059,-0.11382812261581421,1,0,1,0,0,0,0,0
ISIC_0000188,0.002004580572247505,0.05577990785241127,0.005465517286211252,-0.053775327280163765,-0.003460936713963747,0,0,1,0,0,0,0,0
ISIC_0014992,0.03416729345917702,0.03983626887202263,0.06718317419290543,-0.005668975412845612,-0.03301588073372841,0,0,1,0,1,0,0,0
ISIC_0013777,0.062863789498806,0.03850199282169342,0.05592697486281395,0.02436179667711258,0.00693681463599205,1,1,0,1,0,1,1,0
ISIC_0014833,0.06520985811948776,0.6656371355056763,0.10445348173379898,-0.6004272773861885,-0.03924362361431122,0,0,1,0,1,0,0,0
ISIC_0014062,0.8992045521736145,0.612488865852356,0.9824687242507935,0.28671568632125854,-0.08326417207717896,1,1,0,0,0,1,0,0
ISIC_0012944,0.00509996572509408,0.011699385941028595,0.13311485946178436,-0.006599420215934515,-0.12801489373669028,0,1,1,1,1,1,0,0
ISIC_0000215,0.042568549513816833,0.13328951597213745,0.046744026243686676,-0.09072096645832062,-0.0041754767298698425,0,0,1,0,1,0,0,0
ISIC_0000303,0.9374710321426392,0.5040437579154968,0.9088501930236816,0.43342727422714233,0.02862083911895752,1,1,0,0,1,0,0,0
ISIC_0013084,0.36669299006462097,0.38654640316963196,0.14271992444992065,-0.019853413105010986,0.22397306561470032,0,0,0,1,1,1,1,0
ISIC_0004715,0.0003373137442395091,0.0005902615375816822,0.010136844590306282,-0.0002529477933421731,-0.009799530846066773,0,0,1,1,0,0,0,1
ISIC_0013287,0.07261976599693298,0.012581009417772293,0.10551755130290985,0.06003875657916069,-0.03289778530597687,0,0,0,1,0,1,0,0
ISIC_0000145,0.02998378872871399,0.12979216873645782,0.014012142084538937,-0.09980838000774384,0.015971646644175053,1,0,1,0,1,1,0,0
ISIC_0013891,0.0148910041898489,0.018736902624368668,0.06593039631843567,-0.0038458984345197678,-0.05103939212858677,0,1,1,0,0,1,0,0
ISIC_0013702,0.5278999209403992,0.5201139450073242,0.7514021992683411,0.007785975933074951,-0.2235022783279419,1,1,1,0,1,0,0,0
ISIC_0015614,0.023077677935361862,0.039952557533979416,0.1199815645813942,-0.016874879598617554,-0.09690388664603233,0,1,0,0,1,0,0,0
ISIC_0014782,0.39731550216674805,0.2585104703903198,0.6892703771591187,0.13880503177642822,-0.2919548749923706,0,0,0,0,1,0,0,0
ISIC_0015440,0.01825680397450924,0.007790791802108288,0.05577702820301056,0.010466012172400951,-0.03752022422850132,0,0,1,0,1,0,0,0
ISIC_0014475,0.04785747826099396,0.0924619808793068,0.12366855144500732,-0.044604502618312836,-0.07581107318401337,0,1,1,0,0,1,0,0
ISIC_0015563,0.1433606892824173,0.14808706939220428,0.6010317802429199,-0.004726380109786987,-0.4576710909605026,0,0,1,0,1,0,0,0
ISIC_0010319,0.3345949947834015,0.07301392406225204,0.1552909016609192,0.26158107072114944,0.1793040931224823,1,0,1,0,0,0,0,0
ISIC_0014921,0.03211626037955284,0.17722533643245697,0.02675769291818142,-0.14510907605290413,0.005358567461371422,0,0,1,0,1,0,0,0
ISIC_0010321,0.49753716588020325,0.032480351626873016,0.7298989295959473,0.46505681425333023,-0.23236176371574402,1,0,0,0,0,1,0,0
ISIC_0000281,0.9960902333259583,0.8454589247703552,0.9917930960655212,0.15063130855560303,0.004297137260437012,1,1,0,0,0,1,0,0
ISIC_0013230,0.05103924125432968,0.0023329807445406914,0.2524004876613617,0.04870626050978899,-0.201361246407032,0,0,0,1,0,1,1,0
ISIC_0013929,0.057240262627601624,0.34665703773498535,0.5073156356811523,-0.28941677510738373,-0.4500753730535507,0,1,0,0,1,1,1,0
ISIC_0012318,0.8893365859985352,0.645003080368042,0.583861768245697,0.24433350563049316,0.30547481775283813,0,1,0,0,0,1,0,0
ISIC_0000008,0.5541236996650696,0.10882019996643066,0.5988459587097168,0.4453034996986389,-0.04472225904464722,0,0,0,0,0,0,0,0
ISIC_0011356,0.5432512164115906,0.46730145812034607,0.5343005061149597,0.0759497582912445,0.00895071029663086,1,0,0,0,1,0,0,0
ISIC_0016000,0.06250490248203278,0.036305852234363556,0.2643040716648102,0.02619905024766922,-0.2017991691827774,0,1,0,0,0,1,1,0
ISIC_0013975,0.21309128403663635,0.20301973819732666,0.0644260123372078,0.010071545839309692,0.14866527169942856,1,1,0,1,0,1,0,0
ISIC_0000282,0.3331434726715088,0.11132512241601944,0.2136172652244568,0.22181835025548935,0.119526207447052,1,1,0,0,0,1,0,0
ISIC_0011402,0.020341113209724426,0.024365706369280815,0.038085658103227615,-0.004024593159556389,-0.01774454489350319,0,0,0,0,1,0,0,0
ISIC_0011220,0.023835550993680954,0.005068332422524691,0.3374199867248535,0.018767218571156263,-0.31358443573117256,0,0,1,0,1,0,0,0
ISIC_0013674,0.7356773614883423,0.274556428194046,0.3439807593822479,0.46112093329429626,0.39169660210609436,1,0,0,1,0,1,0,0
ISIC_0014780,0.2602965831756592,0.5954518914222717,0.40468356013298035,-0.33515530824661255,-0.14438697695732117,0,0,1,0,1,0,0,0
ISIC_0000469,0.9490704536437988,0.6470214128494263,0.89460289478302,0.30204904079437256,0.05446755886077881,1,0,1,0,0,1,0,0
ISIC_0014187,0.09976235032081604,0.05761132016777992,0.2994101643562317,0.04215103015303612,-0.19964781403541565,1,1,0,0,0,1,0,0
ISIC_0014963,0.10786012560129166,0.4368663430213928,0.11636825650930405,-0.32900621742010117,-0.00850813090801239,1,0,1,0,1,0,0,0
ISIC_0000242,0.5592468976974487,0.17433659732341766,0.7548834681510925,0.38491030037403107,-0.1956365704536438,0,1,1,0,0,0,0,0
ISIC_0012549,0.08606408536434174,0.039569780230522156,0.08662234991788864,0.04649430513381958,-0.0005582645535469055,0,1,1,0,1,1,0,0
ISIC_0013767,0.8296075463294983,0.8631342053413391,0.7889891266822815,-0.03352665901184082,0.0406184196472168,1,1,1,0,0,1,0,0
ISIC_0015419,0.04805498570203781,0.37886741757392883,0.050792161375284195,-0.330812431871891,-0.0027371756732463837,0,0,1,0,1,0,0,0
ISIC_0000376,0.057188358157873154,0.09617077559232712,0.28710004687309265,-0.038982417434453964,-0.2299116887152195,0,0,1,0,0,0,0,0
ISIC_0000336,0.1659589260816574,0.001900557428598404,0.3171401023864746,0.164058368653059,-0.1511811763048172,0,1,0,0,1,0,0,0
ISIC_0013778,0.6843320727348328,0.6265281438827515,0.6175199747085571,0.0578039288520813,0.06681209802627563,0,1,1,0,0,1,1,0
ISIC_0014651,0.022928988561034203,0.008177967742085457,0.03716236725449562,0.014751020818948746,-0.014233378693461418,0,1,0,0,1,0,0,0
ISIC_0010468,0.7713075280189514,0.034780800342559814,0.7750524878501892,0.7365267276763916,-0.003744959831237793,1,0,0,0,0,0,0,0
ISIC_0013109,0.34609848260879517,0.029407238587737083,0.5682401657104492,0.3166912440210581,-0.22214168310165405,0,0,0,1,0,1,1,0
ISIC_0013314,0.23859217762947083,0.13163776695728302,0.23242461681365967,0.1069544106721878,0.006167560815811157,0,0,0,1,0,1,0,0
ISIC_0015943,0.001941851107403636,0.0021185229998081923,0.020852817222476006,-0.00017667189240455627,-0.01891096611507237,0,0,0,1,1,1,1,0
ISIC_0015002,0.0009751752950251102,0.001966559560969472,0.007744510658085346,-0.0009913842659443617,-0.006769335363060236,0,0,1,0,1,0,0,0
ISIC_0002885,0.0024742737878113985,0.0021996337454766035,0.024667052552103996,0.000274640042334795,-0.022192778764292598,0,1,1,1,0,0,0,1
ISIC_0014983,0.032798703759908676,0.711588442325592,0.01909772679209709,-0.6787897385656834,0.013700976967811584,1,0,1,0,1,0,0,0
ISIC_0012177,0.17833799123764038,0.025366393849253654,0.19282153248786926,0.15297159738838673,-0.014483541250228882,0,0,1,1,0,1,0,0
ISIC_0014735,0.01935656927525997,0.014127408154308796,0.024841226637363434,0.005229161120951176,-0.005484657362103462,1,1,0,0,1,0,0,0
ISIC_0015241,0.003947902005165815,0.03856368735432625,0.0031137114856392145,-0.03461578534916043,0.0008341905195266008,0,0,1,0,1,0,0,0
ISIC_0010362,0.10094050318002701,0.012850765138864517,0.36671069264411926,0.08808973804116249,-0.26577018946409225,0,0,1,0,0,1,0,0
ISIC_0014507,0.9029939770698547,0.7957257032394409,0.9487528204917908,0.10726827383041382,-0.045758843421936035,1,1,0,0,0,1,0,0
ISIC_0011102,0.31445175409317017,0.10138984769582748,0.33035990595817566,0.21306190639734268,-0.015908151865005493,0,0,0,0,1,0,0,0
ISIC_0011382,0.1835739016532898,0.18443544209003448,0.3361724019050598,-0.0008615404367446899,-0.15259850025177002,0,0,0,0,1,0,0,0
ISIC_0015298,0.19998422265052795,0.31913402676582336,0.19885046780109406,-0.11914980411529541,0.001133754849433899,0,0,1,0,1,0,0,0
ISIC_0016015,0.17651018500328064,0.18304546177387238,0.05165267363190651,-0.006535276770591736,0.12485751137137413,0,0,1,1,0,1,0,0
ISIC_0015218,0.2655092179775238,0.3413562774658203,0.5277830958366394,-0.07584705948829651,-0.2622738778591156,0,0,1,0,1,0,0,0
ISIC_0013673,0.0014551086351275444,0.0034209364093840122,0.1115555539727211,-0.001965827774256468,-0.11010044533759356,0,1,1,0,1,1,1,0
ISIC_0015232,0.3511929214000702,0.6156261563301086,0.6367791891098022,-0.26443323493003845,-0.28558626770973206,0,0,1,0,1,0,0,0
ISIC_0009078,0.009503313340246677,0.0042712935246527195,0.19095125794410706,0.005232019815593958,-0.18144794460386038,0,0,1,1,0,0,0,1
ISIC_0010554,0.168678417801857,0.16423185169696808,0.28185370564460754,0.004446566104888916,-0.11317528784275055,0,0,0,0,0,1,0,0
ISIC_0014716,0.003890547901391983,0.007895042188465595,0.006884347647428513,-0.004004494287073612,-0.0029937997460365295,0,0,1,0,1,0,0,0
ISIC_0013164,0.0009390456252731383,0.00028342846781015396,0.022216441109776497,0.0006556171574629843,-0.02127739548450336,0,1,0,1,1,0,1,0
ISIC_0000082,0.12532979249954224,0.13693176209926605,0.2874676287174225,-0.011601969599723816,-0.16213783621788025,0,0,1,0,0,0,0,0
ISIC_0010237,0.11666189134120941,0.008206482976675034,0.44377854466438293,0.10845540836453438,-0.3271166533231735,0,1,0,0,1,1,0,0
ISIC_0000016,0.16089895367622375,0.05928899347782135,0.2965230643749237,0.1016099601984024,-0.13562411069869995,0,0,0,0,0,0,0,0
ISIC_0013222,0.06618045270442963,0.038198377937078476,0.07858823984861374,0.02798207476735115,-0.012407787144184113,0,1,1,0,0,1,1,0
ISIC_0012369,0.7463374137878418,0.6955201029777527,0.46422627568244934,0.05081731081008911,0.28211113810539246,1,0,1,1,1,1,1,0
ISIC_0015582,0.1293088048696518,0.1346341371536255,0.18554826080799103,-0.005325332283973694,-0.05623945593833923,0,1,1,0,1,0,0,0
ISIC_0007693,0.0029190843924880028,0.005883564241230488,0.011470776051282883,-0.002964479848742485,-0.00855169165879488,0,0,0,1,0,0,0,1
ISIC_0013793,0.14475300908088684,0.03299733251333237,0.11017884314060211,0.11175567656755447,0.03457416594028473,0,0,1,1,0,1,0,0
ISIC_0014915,0.008158605545759201,0.05532464757561684,0.014127938076853752,-0.047166042029857635,-0.005969332531094551,0,0,1,0,1,0,0,0
ISIC_0000436,0.3516240119934082,0.5082072615623474,0.29387131333351135,-0.1565832495689392,0.05775269865989685,0,0,0,0,0,1,0,0
ISIC_0014554,0.025682082399725914,0.3784945607185364,0.02628561109304428,-0.35281247831881046,-0.000603528693318367,0,1,1,0,0,1,0,0
ISIC_0009982,0.2240360826253891,0.022256353870034218,0.6837130188941956,0.20177972875535488,-0.45967693626880646,0,0,1,0,0,0,0,0
ISIC_0010326,0.664398193359375,0.031983766704797745,0.6544132232666016,0.6324144266545773,0.009984970092773438,0,0,0,0,1,0,0,0
ISIC_0000495,0.6066871285438538,0.11564937233924866,0.5442659854888916,0.4910377562046051,0.06242114305496216,0,0,1,0,0,0,0,0
ISIC_0014787,0.04988548159599304,0.15336403250694275,0.06557850539684296,-0.10347855091094971,-0.015693023800849915,0,0,1,0,1,0,0,0
ISIC_0000461,0.20392218232154846,0.22005265951156616,0.16250059008598328,-0.0161304771900177,0.041421592235565186,0,0,0,0,0,0,0,0
ISIC_0000339,0.48905712366104126,0.00952095165848732,0.4963928461074829,0.47953617200255394,-0.00733572244644165,0,1,1,1,0,0,0,0
ISIC_0011115,0.7407344579696655,0.1945846676826477,0.5251437425613403,0.5461497902870178,0.2155907154083252,0,0,1,0,0,1,0,0
ISIC_0012235,0.09256517142057419,0.08719293028116226,0.1493365466594696,0.005372241139411926,-0.056771375238895416,0,1,0,1,0,1,1,0
ISIC_0012309,0.10344407707452774,0.03021768480539322,0.25711145997047424,0.07322639226913452,-0.1536673828959465,0,1,0,1,0,1,1,0
ISIC_0000059,0.10748124867677689,0.138046994805336,0.1904943287372589,-0.030565746128559113,-0.08301308006048203,0,0,1,0,0,0,0,0
ISIC_0014726,0.0044664014130830765,0.02109990082681179,0.010890045203268528,-0.016633499413728714,-0.0064236437901854515,0,0,1,0,1,0,0,0
ISIC_0012675,0.09964562207460403,0.011566836386919022,0.342846542596817,0.08807878568768501,-0.24320092052221298,0,0,1,1,0,1,1,0
ISIC_0012710,0.016351528465747833,0.018818365409970284,0.018773723393678665,-0.0024668369442224503,-0.002422194927930832,0,0,1,1,0,1,1,0
ISIC_0014802,0.16238214075565338,0.2718466520309448,0.37777307629585266,-0.10946451127529144,-0.21539093554019928,0,0,1,0,1,0,0,0
ISIC_0014927,0.0020789415575563908,0.013677308335900307,0.002703136997297406,-0.011598366778343916,-0.0006241954397410154,0,0,1,0,1,0,0,0
ISIC_0013394,0.0042308541014790535,0.0012225197860971093,0.019546475261449814,0.003008334315381944,-0.01531562115997076,0,1,1,1,0,1,0,0
ISIC_0015251,0.09338323026895523,0.0798085555434227,0.7972005605697632,0.013574674725532532,-0.703817330300808,1,0,1,0,1,0,0,0
ISIC_0010191,0.8946791887283325,0.09989055246114731,0.6240737438201904,0.7947886362671852,0.2706054449081421,0,0,0,0,0,0,0,0
ISIC_0003657,0.0027189673855900764,0.0011983407894149423,0.014271525666117668,0.0015206265961751342,-0.011552558280527592,0,0,1,1,0,0,0,1
ISIC_0010452,0.0685792863368988,0.1664712280035019,0.038870345801115036,-0.09789194166660309,0.029708940535783768,0,0,1,1,0,0,0,0
ISIC_0011150,0.15944965183734894,0.09269657731056213,0.4990580081939697,0.0667530745267868,-0.3396083563566208,0,0,1,0,1,0,0,0
ISIC_0013634,0.9030246734619141,0.9669473767280579,0.8585615158081055,-0.0639227032661438,0.044463157653808594,1,1,0,0,1,1,0,0
ISIC_0014663,0.8885588049888611,0.9942924976348877,0.889007031917572,-0.10573369264602661,-0.0004482269287109375,1,1,1,0,0,0,0,0
ISIC_0012681,0.007051955908536911,0.003099290421232581,0.02599858120083809,0.00395266548730433,-0.018946625292301178,0,0,0,1,0,1,1,0
ISIC_0012715,0.6305292844772339,0.6614446640014648,0.7071496248245239,-0.030915379524230957,-0.07662034034729004,1,0,0,1,1,1,1,0
ISIC_0011398,0.13017040491104126,0.06747325509786606,0.1737019121646881,0.0626971498131752,-0.04353150725364685,0,0,0,0,0,1,0,0
ISIC_0010849,0.3824153244495392,0.017647139728069305,0.38841721415519714,0.3647681847214699,-0.006001889705657959,0,0,1,0,0,1,0,0
ISIC_0014785,0.08345100283622742,0.3948046863079071,0.16278956830501556,-0.3113536834716797,-0.07933856546878815,0,0,1,0,1,0,0,0
ISIC_0015219,0.07492431998252869,0.11470363289117813,0.13484126329421997,-0.039779312908649445,-0.059916943311691284,1,0,1,0,1,0,0,0
ISIC_0000439,0.32381534576416016,0.25078025460243225,0.5304274559020996,0.0730350911617279,-0.20661211013793945,0,0,1,0,0,1,0,0
ISIC_0013910,0.5369141697883606,0.2163785994052887,0.6698300838470459,0.3205355703830719,-0.1329159140586853,0,0,1,1,0,1,1,0
ISIC_0014195,0.029572201892733574,0.0029848332051187754,0.7533402442932129,0.0265873686876148,-0.7237680424004793,0,1,1,0,0,1,0,0
ISIC_0000029,0.730532169342041,0.42513346672058105,0.7649291753768921,0.30539870262145996,-0.034397006034851074,1,0,1,0,1,0,0,0
ISIC_0011144,0.07078064978122711,0.12189489603042603,0.042954593896865845,-0.051114246249198914,0.027826055884361267,0,0,1,0,1,0,0,0
ISIC_0009899,0.200795516371727,0.05203766003251076,0.453856498003006,0.14875785633921623,-0.253060981631279,0,0,0,0,0,1,0,0
ISIC_0000999,0.00203335820697248,0.0007509667193517089,0.04429547116160393,0.001282391487620771,-0.04226211295463145,0,0,1,1,0,0,0,1
ISIC_0015544,0.7270401120185852,0.8905417919158936,0.7667039632797241,-0.16350167989730835,-0.039663851261138916,0,1,0,0,1,0,0,0
ISIC_0010054,0.8793624043464661,0.23274005949497223,0.869858980178833,0.6466223448514938,0.009503424167633057,1,0,1,0,0,0,0,0
ISIC_0015313,0.020529063418507576,0.2909749746322632,0.024289395660161972,-0.2704459112137556,-0.003760332241654396,0,0,1,0,1,0,0,0
ISIC_0000315,0.2282160073518753,0.0041020093485713005,0.5851278901100159,0.224113998003304,-0.35691188275814056,0,1,1,0,0,0,0,0
ISIC_0015163,0.21674510836601257,0.8245140314102173,0.268619179725647,-0.6077689230442047,-0.0518740713596344,1,0,1,0,1,0,0,0
ISIC_0015031,0.013850095681846142,0.04851091280579567,0.02022983692586422,-0.03466081712394953,-0.006379741244018078,0,0,1,0,1,0,0,0
ISIC_0010206,0.10894019156694412,0.04305291548371315,0.5550872087478638,0.06588727608323097,-0.44614701718091965,0,0,0,0,1,1,0,0
ISIC_0014703,0.9626180529594421,0.998022198677063,0.9563509821891785,-0.03540414571762085,0.006267070770263672,1,0,0,0,1,0,0,0
ISIC_0010562,0.008982580155134201,0.0065435911528766155,0.01510216947644949,0.0024389890022575855,-0.0061195893213152885,0,0,0,0,1,0,0,0
ISIC_0010018,0.4265354573726654,0.046576954424381256,0.353969544172287,0.37995850294828415,0.07256591320037842,0,0,1,0,0,0,0,0
ISIC_0013423,0.015462391078472137,0.20899860560894012,0.03236754983663559,-0.193536214530468,-0.016905158758163452,0,1,0,0,1,1,1,0
ISIC_0014869,0.07123857736587524,0.25050652027130127,0.12200095504522324,-0.17926794290542603,-0.05076237767934799,0,0,1,0,1,0,0,0
ISIC_0013106,0.3015955090522766,0.11820003390312195,0.13328596949577332,0.18339547514915466,0.1683095395565033,0,0,1,1,1,1,1,0
ISIC_0014955,0.35410192608833313,0.7171638011932373,0.7156113386154175,-0.3630618751049042,-0.36150941252708435,0,0,0,0,1,1,0,0
ISIC_0013592,0.001828351872973144,0.0013464969815686345,0.015830451622605324,0.00048185489140450954,-0.01400209974963218,0,1,0,1,1,1,1,0
ISIC_0013675,0.024027546867728233,0.2716301381587982,0.03133774921298027,-0.24760259129106998,-0.007310202345252037,0,1,0,0,1,1,0,0
ISIC_0011229,0.3839091360569,0.24429914355278015,0.36106419563293457,0.13960999250411987,0.022844940423965454,0,0,0,0,1,0,0,0
ISIC_0000028,0.03555069863796234,0.1747364103794098,0.1112121045589447,-0.13918571174144745,-0.07566140592098236,0,0,0,0,1,0,0,0
ISIC_0010227,0.15933150053024292,0.07438105344772339,0.2572353780269623,0.08495044708251953,-0.09790387749671936,0,1,0,0,0,1,0,0
ISIC_0014291,0.5617992281913757,0.47648921608924866,0.747308075428009,0.08531001210212708,-0.1855088472366333,1,1,1,0,1,0,0,0
ISIC_0005555,0.0012966964859515429,0.0022689623292535543,0.03768584877252579,-0.0009722658433020115,-0.036389152286574244,0,0,1,1,0,0,0,1
ISIC_0016058,0.020350901409983635,0.016152312979102135,0.2302294820547104,0.0041985884308815,-0.20987858064472675,0,1,1,0,0,1,0,0
ISIC_0000421,0.04301350563764572,0.09408549219369888,0.20513169467449188,-0.05107198655605316,-0.16211818903684616,0,0,0,0,0,0,0,0
ISIC_0013962,0.0035899027716368437,0.003654342144727707,0.08904183655977249,-6.443937309086323e-05,-0.08545193378813565,0,1,1,0,1,1,1,0
ISIC_0013000,0.002800531452521682,0.0026001364458352327,0.010127332992851734,0.00020039500668644905,-0.007326801540330052,0,1,1,1,0,1,1,0
ISIC_0013360,0.006708874832838774,0.008373541757464409,0.0936206504702568,-0.0016646669246256351,-0.08691177563741803,0,0,0,1,1,1,0,0
ISIC_0013120,0.0016205821884796023,0.0021766461431980133,0.1497928649187088,-0.000556063954718411,-0.1481722827302292,0,1,0,0,1,0,0,0
ISIC_0010022,0.049163512885570526,0.13835430145263672,0.06502639502286911,-0.08919078856706619,-0.015862882137298584,0,0,0,0,1,0,0,0
ISIC_0014797,0.029838627204298973,0.01872759684920311,0.26373839378356934,0.011111030355095863,-0.23389976657927036,0,0,0,0,1,0,0,0
ISIC_0015411,0.03800131380558014,0.09411147981882095,0.07132655382156372,-0.056110166013240814,-0.03332524001598358,0,0,1,0,1,0,0,0
ISIC_0011162,0.19852620363235474,0.02617637813091278,0.45127594470977783,0.17234982550144196,-0.2527497410774231,0,0,0,0,0,0,0,0
ISIC_0014164,0.7030165791511536,0.7589876055717468,0.8338831663131714,-0.05597102642059326,-0.13086658716201782,0,1,1,0,1,1,0,0
ISIC_0010187,0.16176122426986694,0.187967449426651,0.2109716236591339,-0.026206225156784058,-0.04921039938926697,0,0,0,0,1,0,0,0
ISIC_0013572,0.0270215030759573,0.06346622854471207,0.03972026705741882,-0.03644472546875477,-0.012698763981461525,1,0,1,1,0,1,0,0
ISIC_0016035,0.03266716003417969,0.4422331750392914,0.032328926026821136,-0.4095660150051117,0.000338234007358551,0,0,0,1,1,1,1,0
ISIC_0012508,0.5955619215965271,0.3630547523498535,0.660515546798706,0.23250716924667358,-0.06495362520217896,0,1,1,0,0,1,0,0
ISIC_0008626,0.008475551381707191,0.030438629910349846,0.059947334229946136,-0.021963078528642654,-0.051471782848238945,0,1,1,1,0,0,0,1
ISIC_0015961,0.12412569671869278,0.15573284029960632,0.07319299876689911,-0.031607143580913544,0.05093269795179367,0,1,1,0,1,1,1,0
ISIC_0015464,0.03272164985537529,0.19894443452358246,0.09791809320449829,-0.16622278466820717,-0.065196443349123,0,0,1,0,1,0,0,0
ISIC_0010003,0.06048370525240898,0.013457628898322582,0.49348920583724976,0.0470260763540864,-0.4330055005848408,0,0,1,0,0,1,0,0
ISIC_0016008,0.9519269466400146,0.915520966053009,0.9089483618736267,0.036405980587005615,0.04297858476638794,0,1,0,0,1,1,0,0
ISIC_0016057,0.49593260884284973,0.3656644821166992,0.7098106145858765,0.1302681267261505,-0.21387800574302673,0,1,0,0,1,1,0,0
ISIC_0013636,0.991584300994873,0.8885703682899475,0.9916860461235046,0.10301393270492554,-0.0001017451286315918,1,1,1,1,0,1,1,0
ISIC_0000457,0.03663080930709839,0.06971016526222229,0.04287445917725563,-0.0330793559551239,-0.006243649870157242,0,0,1,0,0,0,0,0
ISIC_0012660,0.11583936959505081,0.12684492766857147,0.12016582489013672,-0.01100555807352066,-0.004326455295085907,0,0,1,1,0,1,0,0
ISIC_0000528,0.7210689187049866,0.12208029627799988,0.6010659337043762,0.5989886224269867,0.12000298500061035,0,0,1,0,0,1,0,0
ISIC_0012711,0.0046430290676653385,0.0012633259175345302,0.0865979790687561,0.0033797031501308084,-0.08195495000109076,0,0,1,1,1,1,1,0
ISIC_0014099,0.36349475383758545,0.6341244578361511,0.36083927750587463,-0.2706297039985657,0.0026554763317108154,1,1,0,0,1,1,0,0
ISIC_0013443,0.2693098187446594,0.4205903112888336,0.03359504044055939,-0.1512804925441742,0.23571477830410004,0,1,1,0,1,1,0,0
ISIC_0013801,0.07364335656166077,0.07757460325956345,0.2617504894733429,-0.0039312466979026794,-0.18810713291168213,0,1,0,0,0,0,0,0
ISIC_0013208,0.001374828745611012,0.0009322575642727315,0.03775818273425102,0.00044257118133828044,-0.03638335398864001,0,0,0,1,0,1,1,0
ISIC_0015056,0.7896712422370911,0.967719554901123,0.7426058650016785,-0.17804831266403198,0.0470653772354126,0,0,1,0,1,0,0,0
ISIC_0014948,0.3325004577636719,0.7642168402671814,0.2479139268398285,-0.4317163825035095,0.08458653092384338,0,0,1,0,1,0,0,0
ISIC_0010358,0.29563143849372864,0.17894496023654938,0.5104266405105591,0.11668647825717926,-0.21479520201683044,1,0,1,0,0,0,0,0
ISIC_0001119,0.15500862896442413,0.07110309600830078,0.07157447934150696,0.08390553295612335,0.08343414962291718,1,0,1,0,0,1,0,0
ISIC_0010567,0.11817274987697601,0.06497087329626083,0.10247191786766052,0.05320187658071518,0.01570083200931549,0,0,0,0,0,0,0,0
ISIC_0010492,0.2590462565422058,0.3826349377632141,0.24102962017059326,-0.1235886812210083,0.01801663637161255,0,0,1,0,1,0,0,0
ISIC_0014713,0.01769363321363926,0.1652888059616089,0.029633143916726112,-0.14759517274796963,-0.011939510703086853,0,0,1,0,1,0,0,0
ISIC_0013224,0.00768070574849844,0.005276603624224663,0.04157782718539238,0.002404102124273777,-0.03389712143689394,0,1,0,1,0,1,1,0
ISIC_0000147,0.8184110522270203,0.44622495770454407,0.43965354561805725,0.3721860945224762,0.378757506608963,1,0,0,0,1,0,0,0
ISIC_0000518,0.9308125376701355,0.304406076669693,0.9660557508468628,0.6264064610004425,-0.035243213176727295,1,0,1,0,0,0,1,0
ISIC_0013213,0.03549716994166374,0.02615519054234028,0.11396725475788116,0.009341979399323463,-0.07847008481621742,0,0,1,1,1,1,0,0
ISIC_0015982,0.032599661499261856,0.022983253002166748,0.0348343700170517,0.009616408497095108,-0.0022347085177898407,0,0,1,1,0,1,1,0
ISIC_0001292,0.00021431890490930527,0.00027189915999770164,0.003200194798409939,-5.758025508839637e-05,-0.0029858758935006335,0,0,0,1,0,0,0,1
ISIC_0000346,0.05212164670228958,0.012335454113781452,0.2540018856525421,0.03978619258850813,-0.20188023895025253,0,1,1,0,1,0,0,0
ISIC_0014968,0.12446385622024536,0.25333163142204285,0.27234506607055664,-0.12886777520179749,-0.14788120985031128,0,0,1,0,1,0,0,0
ISIC_0013565,0.11998011916875839,0.08755532652139664,0.7842683792114258,0.032424792647361755,-0.6642882600426674,1,1,0,1,0,1,1,0
ISIC_0013071,0.010563713498413563,0.004728800151497126,0.051786068826913834,0.005834913346916437,-0.04122235532850027,0,0,0,1,1,1,1,0
ISIC_0014027,0.2311919629573822,0.4372800886631012,0.6039152145385742,-0.206088125705719,-0.372723251581192,1,1,1,0,1,1,1,0
ISIC_0013958,0.0006487187929451466,0.006019660271704197,0.010299707762897015,-0.00537094147875905,-0.009650988969951868,0,1,1,0,1,1,1,0
ISIC_0010044,0.07597354054450989,0.03388204425573349,0.19992125034332275,0.0420914962887764,-0.12394770979881287,0,0,1,0,0,1,0,0
ISIC_0014476,0.4173343777656555,0.5494785308837891,0.7941180467605591,-0.13214415311813354,-0.37678366899490356,1,1,1,0,1,1,0,0
ISIC_0014853,0.1414012312889099,0.3782041668891907,0.2576436400413513,-0.23680293560028076,-0.1162424087524414,0,0,1,0,1,0,0,0
ISIC_0013737,0.00204098760150373,0.0027111275121569633,0.009928124025464058,-0.0006701399106532335,-0.007887136423960328,0,1,1,0,1,1,0,0
ISIC_0016053,0.025425223633646965,0.016948480159044266,0.022855935618281364,0.0084767434746027,0.0025692880153656006,0,1,0,0,1,1,0,0
ISIC_0010192,0.09773261100053787,0.03498874977231026,0.1808367669582367,0.06274386122822762,-0.08310415595769882,0,0,1,0,1,0,0,0
ISIC_0004346,1.8370395991951227e-05,4.374730269773863e-05,0.0006699637742713094,-2.5376906705787405e-05,-0.0006515933782793581,0,1,0,0,0,0,0,1
ISIC_0012351,0.9810009598731995,0.1888844221830368,0.7855660915374756,0.7921165376901627,0.19543486833572388,0,1,0,0,0,1,0,0
ISIC_0005620,0.00011205241753486916,0.0004639933758880943,0.010536341927945614,-0.00035194095835322514,-0.010424289510410745,0,0,1,1,0,0,0,1
ISIC_0013802,0.2081630527973175,0.04205013066530228,0.21155372262001038,0.16611292213201523,-0.003390669822692871,0,1,0,0,1,0,1,0
ISIC_0012320,0.20930215716362,0.40835991501808167,0.061750900000333786,-0.19905775785446167,0.1475512571632862,0,0,1,1,1,1,0,0
ISIC_0001423,5.093779691378586e-05,0.00015602982603013515,0.004633382428437471,-0.0001050920291163493,-0.0045824446315236855,0,0,1,1,0,0,0,1
ISIC_0012222,0.28491854667663574,0.00897118542343378,0.4230828285217285,0.27594736125320196,-0.13816428184509277,0,0,1,1,0,1,1,0
ISIC_0000326,0.06633873283863068,0.02033308893442154,0.2050658017396927,0.04600564390420914,-0.138727068901062,0,0,1,0,0,0,1,0
ISIC_0000322,0.17292460799217224,0.011917228810489178,0.5216431617736816,0.16100737918168306,-0.3487185537815094,0,1,1,0,0,0,0,0
ISIC_0000381,0.3634650707244873,0.31832095980644226,0.4670931398868561,0.045144110918045044,-0.10362806916236877,0,0,0,0,0,0,0,0
ISIC_0010024,0.7813753485679626,0.0837354063987732,0.5903143882751465,0.6976399421691895,0.19106096029281616,1,0,0,0,0,0,0,0
ISIC_0009972,0.42499881982803345,0.020906424149870872,0.5021306872367859,0.4040923956781626,-0.07713186740875244,0,0,0,0,1,1,0,0
ISIC_0009165,0.005935031920671463,0.028420597314834595,0.0527360625565052,-0.02248556539416313,-0.04680103063583374,0,1,1,0,0,0,0,1
ISIC_0013783,0.9819725751876831,0.9077558517456055,0.9777161478996277,0.07421672344207764,0.00425642728805542,1,0,0,1,0,1,0,0
ISIC_0000249,0.6454472541809082,0.20937316119670868,0.2303391993045807,0.4360740929841995,0.4151080548763275,0,1,1,0,0,1,0,0
ISIC_0014311,0.08834568411111832,0.6593270897865295,0.04176787659525871,-0.5709814056754112,0.046577807515859604,0,1,1,0,1,1,0,0
ISIC_0000023,0.2337278425693512,0.1158367171883583,0.49743980169296265,0.11789112538099289,-0.26371195912361145,0,0,1,0,1,0,0,0
ISIC_0000552,0.6900025606155396,0.45924249291419983,0.4858010709285736,0.23076006770133972,0.20420148968696594,1,0,1,0,1,0,0,0
ISIC_0010370,0.01654834859073162,0.0036022677086293697,0.05588464438915253,0.012946080882102251,-0.039336295798420906,0,0,1,0,1,0,0,0
ISIC_0013359,0.41652539372444153,0.3824719786643982,0.30522823333740234,0.034053415060043335,0.11129716038703918,1,1,0,0,1,1,1,0
ISIC_0000418,0.4321082830429077,0.38435038924217224,0.5012274980545044,0.047757893800735474,-0.06911921501159668,0,1,1,0,0,0,0,0
ISIC_0014299,0.013959445059299469,0.009897961281239986,0.22191517055034637,0.004061483778059483,-0.2079557254910469,0,1,1,0,1,1,0,0
ISIC_0010603,0.022243641316890717,0.07170325517654419,0.022084997966885567,-0.04945961385965347,0.00015864335000514984,0,0,0,0,1,0,0,0
ISIC_0009917,0.17538651823997498,0.04704897478222847,0.2548840045928955,0.1283375434577465,-0.07949748635292053,0,0,0,0,1,1,0,0
ISIC_0014952,0.040791209787130356,0.06817407160997391,0.04149835929274559,-0.02738286182284355,-0.0007071495056152344,0,0,1,0,1,0,0,0
ISIC_0000074,0.06195933371782303,0.058800406754016876,0.20810909569263458,0.0031589269638061523,-0.14614976197481155,1,1,1,0,0,0,0,0
ISIC_0000003,0.057039063423871994,0.031712524592876434,0.09767469018697739,0.02532653883099556,-0.04063562676310539,0,0,1,0,1,0,0,0
ISIC_0014783,0.0941973552107811,0.14226536452770233,0.1744372546672821,-0.048068009316921234,-0.08023989945650101,0,0,1,0,1,0,0,0
ISIC_0010553,0.32610929012298584,0.11550500243902206,0.8658172488212585,0.21060428768396378,-0.5397079586982727,0,0,1,0,1,0,0,0
ISIC_0000415,0.48489344120025635,0.8711863160133362,0.45870304107666016,-0.38629287481307983,0.02619040012359619,1,0,0,0,1,1,0,0
ISIC_0015967,0.06079470366239548,0.22037425637245178,0.05548118054866791,-0.1595795527100563,0.00531352311372757,0,1,1,0,1,1,0,0
ISIC_0013235,0.12144175916910172,0.03571295365691185,0.08584127575159073,0.08572880551218987,0.035600483417510986,0,0,1,1,0,1,0,0
ISIC_0009971,0.02711440622806549,0.02989211305975914,0.02350499853491783,-0.0027777068316936493,0.0036094076931476593,1,0,0,0,0,1,0,0
ISIC_0013403,0.24108576774597168,0.13967716693878174,0.08410393446683884,0.10140860080718994,0.15698183327913284,0,1,1,0,0,1,0,0
ISIC_0014238,0.49927008152008057,0.4019365608692169,0.28161075711250305,0.09733352065086365,0.21765932440757751,1,1,0,0,0,1,0,0
ISIC_0012313,0.20353612303733826,0.04949941858649254,0.22938771545886993,0.15403670445084572,-0.025851592421531677,0,0,1,1,0,1,1,0
ISIC_0014795,0.009613487869501114,0.008863774128258228,0.027447152882814407,0.0007497137412428856,-0.017833665013313293,1,0,1,0,1,0,0,0
ISIC_0015987,0.03668547794222832,0.006171126384288073,0.016725534573197365,0.030514351557940245,0.019959943369030952,0,0,0,1,0,1,1,0
ISIC_0010605,0.20926114916801453,0.29861682653427124,0.22378577291965485,-0.08935567736625671,-0.01452462375164032,0,0,1,0,1,0,0,0
ISIC_0010228,0.6323521733283997,0.5829162001609802,0.7511618733406067,0.049435973167419434,-0.11880970001220703,0,0,1,0,1,0,0,0
ISIC_0014812,0.0585055872797966,0.08096300810575485,0.39222797751426697,-0.022457420825958252,-0.33372239023447037,0,0,0,0,1,0,0,0
ISIC_0000232,0.11168394982814789,0.03967362642288208,0.13458476960659027,0.07201032340526581,-0.022900819778442383,0,0,0,0,1,0,0,0
ISIC_0015625,0.15319819748401642,0.17154093086719513,0.1378788948059082,-0.01834273338317871,0.015319302678108215,0,0,1,0,1,0,0,0
ISIC_0008879,0.0026871240697801113,0.0007867076201364398,0.04875820502638817,0.0019004164496436715,-0.04607108095660806,0,1,1,0,0,0,0,1
ISIC_0010498,0.5794798135757446,0.01065943855792284,0.827551007270813,0.5688203750178218,-0.24807119369506836,0,0,0,0,0,0,0,0
ISIC_0013274,0.7502111196517944,0.335841566324234,0.7243678569793701,0.4143695533275604,0.025843262672424316,0,1,0,1,0,1,0,0
ISIC_0009898,0.6510121822357178,0.09466765075922012,0.8923937082290649,0.5563445314764977,-0.24138152599334717,1,0,0,0,0,1,0,0
ISIC_0012669,0.041737332940101624,0.0238404031842947,0.06729558110237122,0.017896929755806923,-0.025558248162269592,0,0,1,1,0,1,1,0
ISIC_0012299,0.7096329927444458,0.699497640132904,0.5615206360816956,0.010135352611541748,0.14811235666275024,0,0,1,1,0,1,0,0
ISIC_0012323,0.0705987736582756,0.4108791947364807,0.11087873578071594,-0.3402804210782051,-0.04027996212244034,0,0,1,1,0,1,1,0
ISIC_0013238,0.14166712760925293,0.11676696687936783,0.295442670583725,0.0249001607298851,-0.15377554297447205,0,1,0,1,0,1,1,0
ISIC_0015357,0.0037247100844979286,0.005824096966534853,0.05552341416478157,-0.0020993868820369244,-0.05179870408028364,0,0,1,0,1,0,0,0
ISIC_0011357,0.055743273347616196,0.06788059324026108,0.2534974217414856,-0.012137319892644882,-0.1977541483938694,0,0,1,0,1,0,0,0
ISIC_0009869,0.025104697793722153,0.010949961841106415,0.06485173851251602,0.014154735952615738,-0.03974704071879387,0,0,1,0,0,1,0,0
ISIC_0014156,0.9889200329780579,0.9668684005737305,0.9813785552978516,0.022051632404327393,0.007541477680206299,1,1,1,0,0,0,0,0
ISIC_0015140,0.05703802406787872,0.2632286250591278,0.09859760850667953,-0.20619060099124908,-0.04155958443880081,0,1,1,0,1,0,0,0
ISIC_0015284,0.14155326783657074,0.5836767554283142,0.29103052616119385,-0.44212348759174347,-0.1494772583246231,1,0,0,1,1,0,0,0
ISIC_0013656,0.3444179594516754,0.12252093106508255,0.34662118554115295,0.22189702838659286,-0.002203226089477539,0,1,0,0,1,1,1,0
ISIC_0000233,0.028971325606107712,0.08165936917066574,0.031314726918935776,-0.05268804356455803,-0.002343401312828064,0,0,0,0,1,0,0,0
ISIC_0014809,0.8488200306892395,0.9432734251022339,0.9448087215423584,-0.09445339441299438,-0.0959886908531189,1,0,1,0,1,0,0,0
ISIC_0013988,0.9457008838653564,0.5838527083396912,0.9500875473022461,0.3618481755256653,-0.0043866634368896484,1,0,0,1,0,1,0,0
ISIC_0000501,0.07962831109762192,0.09119150787591934,0.1786033660173416,-0.011563196778297424,-0.0989750549197197,0,0,0,0,1,0,0,0
ISIC_0012956,0.006767218932509422,0.007814206182956696,0.09453718364238739,-0.0010469872504472733,-0.08776996470987797,0,1,0,0,0,1,1,0
ISIC_0009939,0.6143180131912231,0.15436989068984985,0.6643745303153992,0.4599481225013733,-0.050056517124176025,0,0,1,0,0,0,0,0
ISIC_0012744,0.0015088688815012574,0.0022713199723511934,0.006825205869972706,-0.000762451090849936,-0.005316336988471448,0,0,1,1,1,1,1,0
ISIC_0012156,0.035555195063352585,0.008608211763203144,0.055377427488565445,0.02694698330014944,-0.01982223242521286,0,0,0,1,0,1,0,0
ISIC_0011301,0.027156535536050797,0.060797885060310364,0.1277630627155304,-0.03364134952425957,-0.1006065271794796,0,0,1,0,1,0,0,0
ISIC_0012887,0.21294359862804413,0.08910498023033142,0.07466720044612885,0.12383861839771271,0.13827639818191528,1,1,1,1,0,1,1,0
ISIC_0013969,0.09305420517921448,0.032555270940065384,0.24603937566280365,0.060498934239149094,-0.15298517048358917,1,1,0,0,1,0,0,0
ISIC_0012445,0.28186848759651184,0.17648400366306305,0.349046528339386,0.10538448393344879,-0.06717804074287415,0,1,1,1,0,1,1,0
ISIC_0010249,0.7532018423080444,0.028500061482191086,0.7514286041259766,0.7247017808258533,0.001773238182067871,0,0,0,0,1,0,0,0
ISIC_0014434,0.7811618447303772,0.4642831087112427,0.705516517162323,0.3168787360191345,0.0756453275680542,1,1,1,0,1,1,0,0
ISIC_0014503,0.018531523644924164,0.0015554892597720027,0.320181667804718,0.01697603438515216,-0.30165014415979385,0,1,1,0,1,1,1,0
ISIC_0013667,0.3293667733669281,0.31301939487457275,0.37232810258865356,0.016347378492355347,-0.042961329221725464,0,1,0,0,0,1,0,0
ISIC_0010088,0.5498745441436768,0.06860289722681046,0.6911478638648987,0.4812716469168663,-0.14127331972122192,0,0,0,0,1,0,0,0
ISIC_0014372,0.9819574356079102,0.9546389579772949,0.9765750765800476,0.027318477630615234,0.005382359027862549,1,1,0,0,1,1,0,0
ISIC_0000413,0.9109869003295898,0.8237709403038025,0.9170844554901123,0.08721596002578735,-0.006097555160522461,1,1,0,0,0,1,0,0
ISIC_0015201,0.12902632355690002,0.43642306327819824,0.12263882905244827,-0.3073967397212982,0.006387494504451752,0,1,1,0,1,0,0,0
ISIC_0013025,0.007806043606251478,0.00943401176482439,0.11748037487268448,-0.0016279681585729122,-0.109674331266433,0,1,1,0,1,1,1,0
ISIC_0000231,0.012719294987618923,0.046720486134290695,0.01964263990521431,-0.03400119114667177,-0.0069233449175953865,0,0,1,0,0,1,0,0
ISIC_0013789,0.06389345228672028,0.0071115801110863686,0.13766483962535858,0.05678187217563391,-0.0737713873386383,0,0,0,1,1,1,0,0
ISIC_0013063,0.0001313579414272681,0.00046862682211212814,0.001037845155224204,-0.00033726888068486005,-0.000906487213796936,0,1,0,0,1,1,0,0
ISIC_0000027,0.046427614986896515,0.024449236690998077,0.16490745544433594,0.021978378295898438,-0.11847984045743942,0,0,1,0,0,0,0,0
ISIC_0014185,0.022645926102995872,0.031072424724698067,0.011329184286296368,-0.008426498621702194,0.011316741816699505,0,1,1,0,1,1,0,0
ISIC_0010357,0.1716953068971634,0.018155477941036224,0.27499282360076904,0.15353982895612717,-0.10329751670360565,0,0,1,0,0,1,0,0
ISIC_0000134,0.08071628957986832,0.025454767048358917,0.3635832667350769,0.0552615225315094,-0.2828669771552086,0,1,1,0,1,1,0,0
ISIC_0014522,0.6952292323112488,0.1741371750831604,0.7901144027709961,0.5210920572280884,-0.09488517045974731,0,1,1,0,1,1,0,0
ISIC_0010857,0.5173671245574951,0.2050342857837677,0.5060197114944458,0.3123328387737274,0.011347413063049316,0,0,1,0,0,1,0,0
ISIC_0014537,0.5240362882614136,0.9099112153053284,0.632899284362793,-0.3858749270439148,-0.1088629961013794,0,1,0,0,0,1,0,0
ISIC_0012932,0.021372303366661072,0.24457783997058868,0.12816421687602997,-0.2232055366039276,-0.1067919135093689,0,1,0,0,1,1,1,0
ISIC_0015476,0.023214392364025116,0.03714896738529205,0.027934154495596886,-0.013934575021266937,-0.00471976213157177,0,1,1,0,1,0,0,0
ISIC_0014289,0.12699627876281738,0.5502153635025024,0.1238502785563469,-0.42321908473968506,0.0031460002064704895,1,1,1,0,1,0,0,0
ISIC_0014574,0.03134225308895111,0.012946861796081066,0.052338872104883194,0.018395391292870045,-0.020996619015932083,0,1,0,0,0,0,0,0
ISIC_0000325,0.04536585882306099,0.017619246616959572,0.06023026257753372,0.027746612206101418,-0.014864403754472733,0,1,1,0,1,0,0,0
ISIC_0011146,0.0759466290473938,0.017384810373187065,0.3344823122024536,0.058561818674206734,-0.2585356831550598,0,0,1,0,1,0,0,0
ISIC_0015999,0.002352788345888257,0.0007113805622793734,0.013911835849285126,0.0016414077836088836,-0.011559047503396869,0,0,0,1,0,1,1,0
ISIC_0010474,0.16339260339736938,0.04399310424923897,0.45011621713638306,0.11939949914813042,-0.28672361373901367,0,1,0,0,1,1,0,0
ISIC_0009920,0.08128601312637329,0.155731663107872,0.04783082380890846,-0.07444564998149872,0.03345518931746483,0,0,1,0,1,0,0,0
ISIC_0000410,0.21810074150562286,0.11616571992635727,0.3248213827610016,0.1019350215792656,-0.10672064125537872,1,0,0,0,0,0,0,0
ISIC_0009958,0.04180103912949562,0.03612840920686722,0.3240208029747009,0.005672629922628403,-0.2822197638452053,0,0,1,0,1,0,0,0
ISIC_0013815,0.02041013166308403,0.005749570205807686,0.07969839870929718,0.014660561457276344,-0.05928826704621315,1,1,0,0,1,1,1,0
ISIC_0013618,0.9012625217437744,0.7879413366317749,0.954841673374176,0.11332118511199951,-0.05357915163040161,1,1,0,1,0,1,0,0
ISIC_0010194,0.8486349582672119,0.35842618346214294,0.6804550290107727,0.49020877480506897,0.1681799292564392,1,1,0,0,1,1,0,0
ISIC_0013782,0.07899037003517151,0.043322764337062836,0.21369308233261108,0.03566760569810867,-0.13470271229743958,0,1,0,1,0,0,1,0
ISIC_0012939,0.12305060774087906,0.15990996360778809,0.012560796923935413,-0.03685935586690903,0.11048981081694365,0,0,1,1,0,1,0,0
ISIC_0014940,0.015114459209144115,0.14556370675563812,0.045550014823675156,-0.130449247546494,-0.03043555561453104,0,0,1,0,1,0,0,0
ISIC_0015051,0.0022068447433412075,0.018259979784488678,0.0036826985888183117,-0.01605313504114747,-0.0014758538454771042,0,0,1,0,1,0,0,0
ISIC_0015166,0.6572495102882385,0.5266334414482117,0.9267397522926331,0.13061606884002686,-0.26949024200439453,1,0,0,0,1,0,0,0
ISIC_0015964,0.021004699170589447,0.0046843779273331165,0.16187727451324463,0.01632032124325633,-0.14087257534265518,0,1,1,0,1,1,1,0
ISIC_0012999,0.5964371562004089,0.5857690572738647,0.5839272737503052,0.01066809892654419,0.01250988245010376,0,1,1,0,1,1,0,0
ISIC_0016059,0.054527606815099716,0.02214665338397026,0.06025414541363716,0.032380953431129456,-0.005726538598537445,0,1,0,0,0,1,0,0
ISIC_0010010,0.18226344883441925,0.054924629628658295,0.5582371950149536,0.12733881920576096,-0.37597374618053436,0,0,1,0,0,0,0,0
ISIC_0000507,0.4108749032020569,0.06753433495759964,0.41726770997047424,0.34334056824445724,-0.006392806768417358,0,0,1,0,0,1,0,0
ISIC_0010184,0.12405257672071457,0.06695730984210968,0.07733550667762756,0.05709526687860489,0.046717070043087006,0,0,0,0,0,1,0,0
ISIC_0015030,0.002853722544386983,0.017344795167446136,0.007893436588346958,-0.014491072623059154,-0.005039714043959975,0,0,1,0,1,0,0,0
ISIC_0016004,0.2638641893863678,0.13563556969165802,0.4516564607620239,0.12822861969470978,-0.18779227137565613,0,1,0,0,1,1,1,0
ISIC_0010222,0.35906437039375305,0.3113526999950409,0.4228758215904236,0.04771167039871216,-0.06381145119667053,0,0,1,0,1,0,0,0
ISIC_0014860,0.02801303006708622,0.20788900554180145,0.1508389264345169,-0.17987597547471523,-0.12282589636743069,0,0,1,0,1,0,0,0
ISIC_0011333,0.29604530334472656,0.1014823317527771,0.3680114150047302,0.19456297159194946,-0.07196611166000366,0,0,0,0,0,0,0,0
ISIC_0009930,0.04881693422794342,0.003296002745628357,0.03482231870293617,0.045520931482315063,0.013994615525007248,0,1,1,0,0,1,0,0
ISIC_0000015,0.050168946385383606,0.01787405088543892,0.16750387847423553,0.03229489549994469,-0.11733493208885193,0,1,1,0,0,0,0,0
ISIC_0015005,0.8888062834739685,0.9363332986831665,0.8796085715293884,-0.047527015209198,0.009197711944580078,1,0,0,0,1,0,0,0
ISIC_0016003,0.3273196220397949,0.008324225433170795,0.6763301491737366,0.3189953966066241,-0.34901052713394165,0,0,1,1,0,1,1,0
ISIC_0013032,0.5808727741241455,0.4207295775413513,0.2999112904071808,0.1601431965827942,0.2809614837169647,0,0,1,1,0,1,0,0
ISIC_0012233,0.019572097808122635,0.010272819548845291,0.12260540574789047,0.009299278259277344,-0.10303330793976784,0,1,1,1,0,1,1,0
ISIC_0015949,0.053144436329603195,0.012806899845600128,0.025670967996120453,0.04033753648400307,0.027473468333482742,0,0,1,1,0,1,0,0
ISIC_0014470,0.016767077147960663,0.06949175894260406,0.14542166888713837,-0.0527246817946434,-0.1286545917391777,0,1,0,0,1,1,1,0
ISIC_0001184,0.0037475919816643,0.007993558421730995,0.019107110798358917,-0.004245966440066695,-0.015359518816694617,0,1,0,0,0,0,0,1
ISIC_0012884,0.07918066531419754,0.16299451887607574,0.056260839104652405,-0.0838138535618782,0.022919826209545135,0,1,0,1,1,1,0,0
ISIC_0011211,0.06449154764413834,0.07071398198604584,0.035988226532936096,-0.006222434341907501,0.02850332111120224,0,0,0,0,1,0,0,0
ISIC_0014925,0.13845309615135193,0.42420026659965515,0.38934850692749023,-0.2857471704483032,-0.2508954107761383,0,1,1,0,1,0,0,0
ISIC_0013813,0.7492108345031738,0.8607922196388245,0.8009034395217896,-0.11158138513565063,-0.05169260501861572,1,1,0,1,0,1,1,0
ISIC_0010864,0.16603024303913116,0.12201188504695892,0.5513240098953247,0.04401835799217224,-0.38529376685619354,0,0,1,0,1,0,0,0
ISIC_0010589,0.12822560966014862,0.07404136657714844,0.29751506447792053,0.05418424308300018,-0.1692894548177719,0,0,1,0,1,0,0,0
ISIC_0006711,0.1455489993095398,0.011232903227210045,0.43699899315834045,0.13431609608232975,-0.29144999384880066,0,1,1,0,0,0,0,1
ISIC_0012097,0.10836973041296005,0.012736156582832336,0.1286858767271042,0.09563357383012772,-0.020316146314144135,0,1,0,0,0,1,1,0
ISIC_0015032,0.004299148917198181,0.05620741844177246,0.03841289505362511,-0.05190826952457428,-0.034113746136426926,0,0,0,0,1,0,0,0
ISIC_0009884,0.36865851283073425,0.04802509397268295,0.5893048644065857,0.3206334188580513,-0.22064635157585144,0,0,0,0,0,1,0,0
ISIC_0013330,0.12270677089691162,0.08456173539161682,0.21979960799217224,0.0381450355052948,-0.09709283709526062,0,0,0,1,0,1,1,0
ISIC_0015034,0.04427339881658554,0.04403151571750641,0.22090840339660645,0.00024188309907913208,-0.1766350045800209,0,0,1,0,1,0,0,0
ISIC_0013615,0.9881970286369324,0.9367287158966064,0.9927114248275757,0.05146831274032593,-0.0045143961906433105,1,1,1,1,0,1,0,0
ISIC_0000061,0.1273602545261383,0.19971799850463867,0.20110294222831726,-0.07235774397850037,-0.07374268770217896,0,0,0,0,1,0,0,0
ISIC_0010059,0.3111269176006317,0.0315689891576767,0.4257625937461853,0.279557928442955,-0.11463567614555359,0,0,1,0,0,1,0,0
ISIC_0005187,0.0006309141754172742,0.0026293331757187843,0.010074310004711151,-0.00199841900030151,-0.009443395829293877,0,0,1,1,0,0,0,1
ISIC_0013577,0.8634284734725952,0.5872606039047241,0.8743290305137634,0.2761678695678711,-0.010900557041168213,1,1,0,1,1,1,0,0
ISIC_0011159,0.4047077000141144,0.1148906722664833,0.6435723900794983,0.2898170277476311,-0.2388646900653839,0,0,1,0,1,0,1,0
ISIC_0013325,0.02666289359331131,0.01840628683567047,0.034751832485198975,0.008256606757640839,-0.008088938891887665,0,1,1,0,0,1,0,0
ISIC_0011151,0.36602461338043213,0.15917904675006866,0.38937392830848694,0.20684556663036346,-0.02334931492805481,1,0,0,0,0,0,0,0
ISIC_0012685,0.4490634799003601,0.2012997418642044,0.2567707896232605,0.2477637380361557,0.1922926902770996,0,0,1,1,0,1,0,0
ISIC_0000227,0.10241707414388657,0.020352128893136978,0.17063914239406586,0.08206494525074959,-0.06822206825017929,0,0,1,0,1,0,0,0
ISIC_0014696,0.16383709013462067,0.3260457515716553,0.19286692142486572,-0.1622086614370346,-0.029029831290245056,0,1,0,0,1,0,0,0
ISIC_0015276,0.06968332827091217,0.08722993731498718,0.1205621212720871,-0.017546609044075012,-0.05087879300117493,0,0,1,0,1,0,0,0
ISIC_0012099,0.04919742792844772,0.007114766631275415,0.06279498338699341,0.04208266129717231,-0.013597555458545685,1,1,0,0,0,1,1,0
ISIC_0014951,0.28239765763282776,0.32880330085754395,0.2450762540102005,-0.046405643224716187,0.03732140362262726,1,0,0,0,1,0,0,0
ISIC_0012518,0.043745893985033035,0.19687184691429138,0.05342666059732437,-0.15312595292925835,-0.009680766612291336,0,1,1,1,0,1,0,0
ISIC_0011304,0.07202859222888947,0.014678867533802986,0.6087139248847961,0.05734972469508648,-0.5366853326559067,0,0,1,0,0,1,0,0
ISIC_0012512,0.9488954544067383,0.9380745887756348,0.959665060043335,0.010820865631103516,-0.01076960563659668,1,1,1,0,1,1,0,0
ISIC_0000177,0.07822597026824951,0.004994742572307587,0.3589622676372528,0.07323122769594193,-0.2807362973690033,0,0,1,0,1,0,0,0
ISIC_0015125,0.18146772682666779,0.5979400277137756,0.24150465428829193,-0.41647230088710785,-0.060036927461624146,0,1,1,0,1,0,0,0
ISIC_0014395,0.7765903472900391,0.879482626914978,0.7881740927696228,-0.10289227962493896,-0.01158374547958374,1,1,0,0,1,1,0,0
ISIC_0014438,0.009276945143938065,0.10106680542230606,0.004442158620804548,-0.091789860278368,0.004834786523133516,0,1,1,0,1,1,0,0
ISIC_0000323,0.16991062462329865,0.022174397483468056,0.05544733628630638,0.1477362271398306,0.11446328833699226,0,1,1,0,1,0,0,0
ISIC_0015215,0.43087124824523926,0.5885774493217468,0.6102339625358582,-0.15770620107650757,-0.1793627142906189,0,0,1,0,1,0,0,0
ISIC_0009951,0.04838857799768448,0.07996585220098495,0.05543220043182373,-0.031577274203300476,-0.007043622434139252,0,0,0,0,0,0,0,0
ISIC_0015983,0.0033772015012800694,0.16356317698955536,0.015783287584781647,-0.1601859754882753,-0.012406086083501577,0,1,0,0,1,0,0,0
ISIC_0012706,0.01276708859950304,0.003146815113723278,0.02243291772902012,0.009620273485779762,-0.009665829129517078,0,0,0,1,0,1,1,0
ISIC_0003728,0.0013800483429804444,0.0011922449339181185,0.1133664920926094,0.00018780340906232595,-0.11198644374962896,0,0,1,1,0,0,0,1
ISIC_0001131,0.76905757188797,0.8621137142181396,0.7844552397727966,-0.09305614233016968,-0.01539766788482666,1,1,1,0,0,1,0,0
ISIC_0002948,0.0032524450216442347,0.001964550232514739,0.030153557658195496,0.0012878947891294956,-0.02690111263655126,0,0,0,1,0,0,0,1
ISIC_0010233,0.3957322835922241,0.020142538473010063,0.5207991003990173,0.37558974511921406,-0.1250668168067932,0,1,1,0,0,1,0,0
ISIC_0012207,0.0014038513181731105,0.0003671495069283992,0.016170037910342216,0.0010367018112447113,-0.014766186592169106,0,0,1,1,0,1,0,0
ISIC_0013561,0.3202173709869385,0.25759172439575195,0.5391727685928345,0.06262564659118652,-0.218955397605896,0,0,1,1,0,1,1,0
ISIC_0000341,0.10373809188604355,0.014824222773313522,0.09275723993778229,0.08891386911273003,0.010980851948261261,0,1,0,0,1,0,0,0
ISIC_0012521,0.4256022274494171,0.47659751772880554,0.6071937084197998,-0.05099529027938843,-0.1815914809703827,0,1,0,0,0,1,0,0
ISIC_0000531,0.6166858673095703,0.07914575189352036,0.5942739248275757,0.53754011541605,0.02241194248199463,1,0,0,0,0,1,0,0
ISIC_0015060,0.04950045049190521,0.0900428369641304,0.08527465909719467,-0.04054238647222519,-0.03577420860528946,0,0,1,0,1,0,0,0
ISIC_0013995,0.8951235413551331,0.7540104985237122,0.8099367618560791,0.1411130428314209,0.08518677949905396,1,1,1,0,0,1,1,0
ISIC_0012684,0.12593092024326324,0.21670399606227875,0.022759314626455307,-0.0907730758190155,0.10317160561680794,0,0,1,1,0,1,0,0
ISIC_0013579,0.7254488468170166,0.7311906218528748,0.5579133033752441,-0.005741775035858154,0.16753554344177246,1,1,0,0,1,1,0,0
ISIC_0000047,0.07664884626865387,0.06000373139977455,0.2452542632818222,0.016645114868879318,-0.16860541701316833,0,0,1,0,1,0,0,0
ISIC_0000423,0.011289345100522041,0.04437834769487381,0.048447079956531525,-0.03308900259435177,-0.03715773485600948,0,0,0,0,0,0,0,0
ISIC_0000079,0.23719318211078644,0.06518875807523727,0.2334827333688736,0.17200442403554916,0.003710448741912842,0,1,1,0,0,0,0,0
ISIC_0010367,0.0545482374727726,0.04186286777257919,0.16072361171245575,0.012685369700193405,-0.10617537423968315,0,0,1,0,1,0,1,0
ISIC_0015998,0.2241361141204834,0.08555401116609573,0.23120903968811035,0.13858210295438766,-0.007072925567626953,0,1,0,0,0,1,1,0
ISIC_0015383,0.09884771704673767,0.1544457972049713,0.23905278742313385,-0.05559808015823364,-0.14020507037639618,0,0,1,0,0,0,0,0
ISIC_0013480,0.03653845191001892,0.033848244696855545,0.011166635900735855,0.002690207213163376,0.025371816009283066,0,1,1,1,0,0,0,0
ISIC_0014667,0.2146742194890976,0.17352797091007233,0.3635116517543793,0.04114624857902527,-0.14883743226528168,0,1,0,0,1,0,0,0
ISIC_0013606,0.9301844239234924,0.5226727724075317,0.9235808849334717,0.4075116515159607,0.006603538990020752,1,1,0,0,1,1,1,0
ISIC_0014541,0.9550304412841797,0.8973049521446228,0.87880939245224,0.057725489139556885,0.0762210488319397,1,1,0,0,0,1,0,0
ISIC_0012828,0.0083726542070508,0.003923885989934206,0.007403690367937088,0.004448768217116594,0.0009689638391137123,0,1,0,1,1,1,1,0
ISIC_0010364,0.3648602366447449,0.1229104995727539,0.7698468565940857,0.24194973707199097,-0.4049866199493408,1,0,1,0,0,1,0,0
ISIC_0016069,0.06292974948883057,0.003876744071021676,0.47159674763679504,0.05905300541780889,-0.4086669981479645,0,1,0,0,0,1,0,0
ISIC_0012378,0.017482787370681763,0.003403932088986039,0.017892945557832718,0.014078855281695724,-0.0004101581871509552,0,0,0,1,1,1,0,0
ISIC_0013708,0.1364145427942276,0.45286691188812256,0.2875216603279114,-0.31645236909389496,-0.15110711753368378,0,1,0,0,1,0,0,0
ISIC_0015468,0.02177303470671177,0.0781463012099266,0.030003229156136513,-0.056373266503214836,-0.008230194449424744,0,0,1,0,1,0,0,0
ISIC_0012109,0.11978181451559067,0.012918496504426003,0.1939423382282257,0.10686331801116467,-0.07416052371263504,0,1,0,0,1,1,0,0
ISIC_0011129,0.9273600578308105,0.2760719358921051,0.9686222672462463,0.6512881219387054,-0.04126220941543579,0,0,1,0,1,0,0,0
ISIC_0012721,0.28503555059432983,0.28335514664649963,0.1624339073896408,0.0016804039478302002,0.12260164320468903,0,0,1,1,0,1,0,0
ISIC_0008528,0.0001310741645283997,0.0004315763944759965,0.001342813833616674,-0.0003005022299475968,-0.0012117396690882742,0,1,1,0,0,0,0,1
ISIC_0015355,0.02614327147603035,0.12288173288106918,0.039438825100660324,-0.09673846140503883,-0.013295553624629974,0,0,0,0,1,0,0,0
ISIC_0000201,0.3848426938056946,0.07149182260036469,0.43816787004470825,0.3133508712053299,-0.05332517623901367,0,0,1,0,1,0,0,0
ISIC_0010236,0.3141268789768219,0.06858720630407333,0.2771575152873993,0.24553967267274857,0.03696936368942261,0,1,0,0,1,1,0,0
ISIC_0015416,0.930515468120575,0.9660850167274475,0.9067896008491516,-0.03556954860687256,0.02372586727142334,0,0,1,0,1,0,0,0
ISIC_0010264,0.11534811556339264,0.03771759197115898,0.1061079204082489,0.07763052359223366,0.009240195155143738,0,0,0,0,1,0,0,0
ISIC_0010078,0.45775842666625977,0.20285114645957947,0.6207411289215088,0.2549072802066803,-0.16298270225524902,0,0,1,0,1,0,0,0
ISIC_0010016,0.1264580637216568,0.010257587768137455,0.6892361640930176,0.11620047595351934,-0.5627781003713608,1,0,0,0,0,1,0,0
ISIC_0000034,0.38444891571998596,0.0813400074839592,0.7699251174926758,0.30310890823602676,-0.3854762017726898,0,1,1,0,0,0,0,0
ISIC_0013809,0.9388893246650696,0.9194296598434448,0.9357828497886658,0.019459664821624756,0.0031064748764038086,0,1,0,0,0,1,0,0
ISIC_0015003,0.4225925803184509,0.9362803101539612,0.8948124647140503,-0.5136877298355103,-0.47221988439559937,0,0,0,0,1,0,0,0
ISIC_0014547,0.03874116763472557,0.046579863876104355,0.09668993204832077,-0.007838696241378784,-0.0579487644135952,0,1,0,0,1,1,1,0
ISIC_0011168,0.19175849854946136,0.02136274054646492,0.325798362493515,0.17039575800299644,-0.13403986394405365,0,0,0,0,1,0,0,0
ISIC_0000224,0.05403359606862068,0.27847054600715637,0.02783971093595028,-0.2244369499385357,0.026193885132670403,0,0,1,0,0,0,0,0
ISIC_0013986,0.17046935856342316,0.2525111138820648,0.4847472906112671,-0.08204175531864166,-0.31427793204784393,1,0,1,1,0,1,1,0
ISIC_0013621,0.8822615146636963,0.7480732202529907,0.9152240753173828,0.13418829441070557,-0.03296256065368652,0,1,1,0,0,1,0,0
ISIC_0016019,0.02750600501894951,0.012286797165870667,0.1999794989824295,0.015219207853078842,-0.17247349396348,0,1,1,0,1,0,1,0
ISIC_0015180,0.6807036399841309,0.8209306597709656,0.7529901266098022,-0.14022701978683472,-0.07228648662567139,1,0,1,0,1,0,0,0
ISIC_0000064,0.07475189119577408,0.19587646424770355,0.17125387489795685,-0.12112457305192947,-0.09650198370218277,0,0,1,0,1,0,0,0
ISIC_0014715,0.13220719993114471,0.42892494797706604,0.3669176697731018,-0.2967177480459213,-0.2347104698419571,0,0,1,0,1,0,0,0
ISIC_0009964,0.13122110068798065,0.0178581103682518,0.0886000469326973,0.11336299031972885,0.042621053755283356,0,0,1,0,0,0,0,0
ISIC_0013803,0.0014131671050563455,0.0009044734761118889,0.009819288738071918,0.0005086936289444566,-0.008406121633015573,0,0,1,1,1,1,1,0
ISIC_0010317,0.38358598947525024,0.040393318980932236,0.7028325796127319,0.343192670494318,-0.3192465901374817,0,0,1,0,0,1,0,0
ISIC_0015152,0.017175259068608284,0.04419621080160141,0.013006825931370258,-0.027020951732993126,0.004168433137238026,0,0,1,0,1,0,0,0
ISIC_0010476,0.5216536521911621,0.10676875710487366,0.5929609537124634,0.41488489508628845,-0.07130730152130127,1,0,0,0,0,0,0,0
ISIC_0012517,0.017165547236800194,0.1825164556503296,0.11446511745452881,-0.1653509084135294,-0.09729957021772861,0,1,1,0,0,1,0,0
ISIC_0009873,0.32424065470695496,0.1618228405714035,0.23035010695457458,0.16241781413555145,0.09389054775238037,0,0,0,0,1,1,0,0
ISIC_0013177,0.002954453695565462,0.220091313123703,0.053275592625141144,-0.21713685942813754,-0.05032113892957568,0,0,1,1,0,1,1,0
ISIC_0010602,0.22230654954910278,0.18397054076194763,0.18024003505706787,0.03833600878715515,0.04206651449203491,0,0,1,0,1,1,0,0
ISIC_0013808,0.021477224305272102,0.003609650069847703,0.11634042114019394,0.0178675742354244,-0.09486319683492184,0,1,0,0,1,1,0,0
ISIC_0016072,0.9790608286857605,0.7523956298828125,0.9578437805175781,0.226665198802948,0.021217048168182373,0,1,0,0,0,1,0,0
ISIC_0015078,0.007781385909765959,0.02835349179804325,0.00876117218285799,-0.020572105888277292,-0.0009797862730920315,0,0,1,0,1,0,0,0
ISIC_0012699,0.30662575364112854,0.07668091356754303,0.3315848112106323,0.2299448400735855,-0.024959057569503784,0,0,1,1,1,1,0,0
ISIC_0011112,0.6933227181434631,0.1666712760925293,0.7184621691703796,0.5266514420509338,-0.025139451026916504,1,0,1,0,1,0,0,0
ISIC_0008029,0.0031609374564141035,0.0008023232803680003,0.12925972044467926,0.0023586141760461032,-0.12609878298826516,0,1,1,0,0,0,0,1
ISIC_0013839,0.002674483461305499,0.00883694551885128,0.002314297016710043,-0.006162462057545781,0.0003601864445954561,1,0,1,1,0,1,1,0
ISIC_0009933,0.0983913317322731,0.03195181488990784,0.259712278842926,0.06643951684236526,-0.16132094711065292,0,0,1,0,0,0,0,0
ISIC_0003174,0.00033564167097210884,0.0002446045109536499,0.014226056635379791,9.103716001845896e-05,-0.013890414964407682,0,0,1,1,0,0,0,1
ISIC_0013371,0.031888969242572784,0.06528547406196594,0.25027087330818176,-0.03339650481939316,-0.21838190406560898,0,1,1,0,0,1,0,0
ISIC_0010100,0.3455188572406769,0.09596879780292511,0.21618732810020447,0.24955005943775177,0.1293315291404724,0,0,0,0,1,0,0,0
ISIC_0014392,0.19101521372795105,0.46203604340553284,0.34420862793922424,-0.2710208296775818,-0.1531934142112732,0,1,1,0,1,1,0,0
ISIC_0009995,0.12754087150096893,0.10445921123027802,0.12276202440261841,0.023081660270690918,0.004778847098350525,0,0,0,0,1,0,0,0
ISIC_0013867,0.6598914861679077,0.5608074069023132,0.697203516960144,0.09908407926559448,-0.03731203079223633,1,1,0,0,1,1,0,0
ISIC_0013167,0.4807119369506836,0.35911285877227783,0.4196692705154419,0.12159907817840576,0.0610426664352417,0,0,1,1,1,1,0,0
ISIC_0012143,0.013786926865577698,0.04574205353856087,0.023020925000309944,-0.03195512667298317,-0.009233998134732246,0,0,1,1,0,1,0,0
ISIC_0015208,0.016076507046818733,0.07163166999816895,0.03070203773677349,-0.05555516295135021,-0.014625530689954758,0,1,1,0,1,0,0,0
ISIC_0013554,0.6662907004356384,0.23368953168392181,0.9832072257995605,0.4326011687517166,-0.3169165253639221,0,1,0,0,0,1,1,0
ISIC_0014936,0.3865934908390045,0.5243410468101501,0.3899592459201813,-0.13774755597114563,-0.003365755081176758,0,0,1,0,1,0,0,0
ISIC_0013075,0.05100923031568527,0.027266914024949074,0.30166640877723694,0.0237423162907362,-0.25065717846155167,0,0,1,1,0,1,1,0
ISIC_0014044,0.9229732751846313,0.8375982642173767,0.8306990265846252,0.08537501096725464,0.0922742486000061,1,1,0,0,0,1,0,0
ISIC_0000206,0.3120138645172119,0.18342703580856323,0.3798890709877014,0.12858682870864868,-0.0678752064704895,0,0,1,0,0,0,0,0
ISIC_0014353,0.06623158603906631,0.012587283737957478,0.07740955054759979,0.05364430230110884,-0.011177964508533478,0,1,0,0,0,1,0,0
ISIC_0009599,0.000568652874790132,0.0017653770046308637,0.004392038099467754,-0.0011967241298407316,-0.0038233852246776223,0,1,1,0,0,0,0,1
ISIC_0012966,0.06266143172979355,0.056493908166885376,0.1477719098329544,0.006167523562908173,-0.08511047810316086,0,0,0,1,1,1,0,0
ISIC_0013922,0.18913035094738007,0.09226732701063156,0.13099730014801025,0.0968630239367485,0.05813305079936981,0,1,0,0,1,1,0,0
ISIC_0000537,0.3192345201969147,0.28689295053482056,0.5139258503913879,0.032341569662094116,-0.19469133019447327,0,0,0,0,0,0,0,0
ISIC_0004309,0.00034118167241103947,0.00031587749253958464,0.010975020937621593,2.5304179871454835e-05,-0.010633839265210554,0,1,1,0,0,0,0,1
ISIC_0012523,0.38984498381614685,0.20366457104682922,0.12934285402297974,0.18618041276931763,0.2605021297931671,0,1,1,0,0,1,0,0
ISIC_0001102,0.9683791995048523,0.9750013947486877,0.9713065028190613,-0.006622195243835449,-0.0029273033142089844,1,1,0,0,0,1,0,0
ISIC_0013863,0.6389431953430176,0.2883366644382477,0.31675368547439575,0.3506065309047699,0.3221895098686218,0,1,0,0,1,1,1,0
ISIC_0013012,0.8955219984054565,0.6199561357498169,0.8524847030639648,0.27556586265563965,0.0430372953414917,0,0,0,1,0,1,0,0
ISIC_0013140,0.48417773842811584,0.08576170355081558,0.7602318525314331,0.39841603487730026,-0.27605411410331726,0,1,0,1,0,1,1,0
ISIC_0000171,0.46488359570503235,0.17356760799884796,0.3523935377597809,0.2913159877061844,0.11249005794525146,1,0,1,0,1,1,0,0
ISIC_0013688,0.03352781757712364,0.03666448965668678,0.07527179270982742,-0.003136672079563141,-0.04174397513270378,0,1,1,1,1,1,0,0
ISIC_0010591,0.5750763416290283,0.11996132880449295,0.6217597126960754,0.45511501282453537,-0.04668337106704712,1,0,0,0,0,1,0,0
ISIC_0010036,0.3516237735748291,0.24397531151771545,0.37952736020088196,0.10764846205711365,-0.027903586626052856,1,0,0,0,1,0,0,0
ISIC_0012898,0.005537700839340687,0.004799647256731987,0.03447113558650017,0.0007380535826086998,-0.02893343474715948,0,1,1,0,1,1,0,0
ISIC_0015617,0.0013738090638071299,0.010641535744071007,0.00290059857070446,-0.009267726680263877,-0.0015267895068973303,0,0,1,0,1,0,0,0
ISIC_0000131,0.0005026077851653099,0.022475270554423332,0.002631124574691057,-0.021972662769258022,-0.0021285167895257473,0,1,0,0,1,1,0,0
ISIC_0009297,0.0011856924975290895,0.0011802803492173553,0.016689350828528404,5.4121483117341995e-06,-0.015503658330999315,0,1,1,0,0,0,0,1
ISIC_0012105,0.33764806389808655,0.02618272975087166,0.4289743900299072,0.3114653341472149,-0.09132632613182068,0,1,1,0,0,1,1,0
ISIC_0000236,0.5715385675430298,0.2225305587053299,0.4865020513534546,0.3490080088376999,0.0850365161895752,0,0,0,0,1,0,0,0
ISIC_0015176,0.007284383289515972,0.1246708407998085,0.016067426651716232,-0.11738645751029253,-0.00878304336220026,0,0,1,0,1,0,0,0
ISIC_0000345,0.15148933231830597,0.0029419914353638887,0.35631588101387024,0.14854734088294208,-0.20482654869556427,0,1,1,0,1,0,0,0
ISIC_0014835,0.1930132806301117,0.7413660883903503,0.2811174988746643,-0.5483528077602386,-0.08810421824455261,0,1,1,0,1,0,0,0
ISIC_0010226,0.24230696260929108,0.0339139960706234,0.5138108730316162,0.20839296653866768,-0.27150391042232513,0,0,0,0,1,0,0,0
ISIC_0013044,0.051277436316013336,0.012424071319401264,0.11336388438940048,0.03885336499661207,-0.062086448073387146,0,1,0,0,1,1,0,0
ISIC_0012987,0.0028969815466552973,0.005502133164554834,0.011172556318342686,-0.002605151617899537,-0.008275574771687388,0,1,0,1,1,1,0,0
