epoch,train_loss,lr,auc,acc,bal_acc,mean_prob
1,1.0112632102276906,0.0001,0.818442444476702,0.8168674698795181,0.6641566265060241,0.26556027
2,0.8942104826490563,0.0001,0.8386558281318043,0.7759036144578313,0.733433734939759,0.36451182
3,0.8207718154033983,0.0001,0.8033459137755843,0.7542168674698795,0.6927710843373494,0.32786497
4,0.7635223658688097,0.0001,0.8152852373348817,0.8048192771084337,0.6882530120481928,0.24541813
5,0.6835868041199374,5e-05,0.8237044563797359,0.8361445783132531,0.7168674698795181,0.24377215
6,0.6198357391070171,5e-05,0.8328857599070982,0.8433734939759037,0.7123493975903614,0.22025804
7,0.5698064521134618,2.5e-05,0.8423573813325592,0.8265060240963855,0.7063253012048192,0.24616155
8,0.5740992975522237,2.5e-05,0.8350631441428364,0.8192771084337349,0.7469879518072289,0.26994172
9,0.5568785480706089,2.5e-05,0.8343373493975903,0.8481927710843373,0.7289156626506024,0.21802334
10,0.5192714041974171,1.25e-05,0.8405428944694441,0.8433734939759037,0.7439759036144578,0.23395932
11,0.4810543282922492,1.25e-05,0.8350631441428363,0.8457831325301205,0.6912650602409639,0.19543622
12,0.4697052886687129,6.25e-06,0.8356074902017709,0.8457831325301205,0.700301204819277,0.20372333
13,0.45649000887411184,6.25e-06,0.8415590071127884,0.8337349397590361,0.7153614457831325,0.2292818
14,0.4557331722902964,3.125e-06,0.8405791842067063,0.8385542168674699,0.7003012048192772,0.21469723
15,0.44321720083075833,3.125e-06,0.8405791842067064,0.8289156626506025,0.7213855421686747,0.22945192
